{
  "0522c0002": {
    "Brainstem": 0.9028694037020432,
    "Parotid_L": 0.8119102638166763,
    "Parotid_R": 0.7996425003943011
  },
  "0522c0014": {
    "Brainstem": 0.8935291506648397,
    "Parotid_L": 0.7024681698556086,
    "Parotid_R": 0.7702638241661468
  },
  "0522c0057": {
    "Brainstem": 0.8807874039521157,
    "Parotid_L": 0.6785307517084282,
    "Parotid_R": 0.8405278584304605
  },
  "0522c0077": {
    "Brainstem": 0.8953396583309751,
    "Parotid_L": 0.8370424150593979,
    "Parotid_R": 0.7786675576065735
  },
  "0522c0125": {
    "Brainstem": 0.8044672789668922,
    "Parotid_L": 0.7051278059715433,
    "Parotid_R": 0.6728889864939058
  },
  "0522c0161": {
    "Brainstem": 0.9172809839938093,
    "Parotid_L": 0.7442935852026761,
    "Parotid_R": 0.8497808992136383
  },
  "0522c0226": {
    "Brainstem": 0.8880701572310726,
    "Parotid_L": 0.7538168885948225,
    "Parotid_R": 0.7728004137693236
  },
  "0522c0248": {
    "Brainstem": 0.895500903494533,
    "Parotid_L": 0.7822063892294524,
    "Parotid_R": 0.7357568556809689
  },
  "0522c0330": {
    "Brainstem": 0.8512992752342231,
    "Parotid_L": 0.8401635341230971,
    "Parotid_R": 0.7947188397865645
  },
  "0522c0427": {
    "Brainstem": 0.8383990640959301,
    "Parotid_L": 0.6847284486946383,
    "Parotid_R": 0.768788733846134
  },
  "0522c0433": {
    "Brainstem": 0.9045027857870661,
    "Parotid_L": 0.792590844738084,
    "Parotid_R": 0.831225229783287
  },
  "0522c0479": {
    "Brainstem": 0.8967516758693284,
    "Parotid_L": 0.7434027378350397,
    "Parotid_R": 0.738557128063514
  },
  "0522c0598": {
    "Brainstem": 0.8709916589434662,
    "Parotid_L": 0.8893883163544424,
    "Parotid_R": 0.8819805169174416
  },
  "0522c0708": {
    "Brainstem": 0.8793746997302192,
    "Parotid_L": 0.8879443585780525,
    "Parotid_R": 0.8688722445067623
  },
  "0522c0857": {
    "Brainstem": 0.8716908498667456,
    "Parotid_L": 0.6156269858080915,
    "Parotid_R": 0.6783183870762577
  }
}