{
  "0522c0001": {
    "OpticNerve_L": 0.60801393728223,
    "OpticNerve_R": 0.6426484907497566,
    "Chiasm": 0.671850699844479
  },
  "0522c0014": {
    "OpticNerve_L": 0.5075862068965518,
    "OpticNerve_R": 0.6363636363636364,
    "Chiasm": 0.26305220883534136
  },
  "0522c0195": {
    "OpticNerve_L": 0.505338078291815,
    "OpticNerve_R": 0.6531468531468532,
    "Chiasm": 0.5344563552833078
  },
  "0522c0248": {
    "OpticNerve_L": 0.5934256055363322,
    "OpticNerve_R": 0.6904549509366636,
    "Chiasm": 0.27712609970674484
  },
  "0522c0330": {
    "OpticNerve_L": 0.426197458455523,
    "OpticNerve_R": 0.3314527503526093,
    "Chiasm": 0.21585482330468003
  },
  "0522c0555": {
    "OpticNerve_L": 0.7164444444444444,
    "OpticNerve_R": 0.6149870801033591,
    "Chiasm": 0.09828571428571428
  },
  "0522c0576": {
    "OpticNerve_L": 0.6567796610169492,
    "OpticNerve_R": 0.6638078902229846,
    "Chiasm": 0.4628099173553719
  },
  "0522c0667": {
    "OpticNerve_L": 0.6633165829145728,
    "OpticNerve_R": 0.576271186440678,
    "Chiasm": 0.11376146788990826
  },
  "0522c0727": {
    "OpticNerve_L": 0.521805661820964,
    "OpticNerve_R": 0.5794530672579453,
    "Chiasm": 0.2884473877851361
  }
}