{
  "0522c0555": {
    "OpticNerve_L": 0.6593204775022957,
    "OpticNerve_R": 0.702048417132216,
    "Chiasm": 0.574235807860262
  },
  "0522c0576": {
    "OpticNerve_L": 0.6814551907719609,
    "OpticNerve_R": 0.7115716753022453,
    "Chiasm": 0.23311748381128586
  },
  "0522c0598": {
    "OpticNerve_L": 0.7068607068607069,
    "OpticNerve_R": 0.7501921598770177,
    "Chiasm": 0.6928838951310862
  },
  "0522c0659": {
    "OpticNerve_L": 0.6227738801942796,
    "OpticNerve_R": 0.5981173062997828,
    "Chiasm": 0.575197889182058
  },
  "0522c0661": {
    "OpticNerve_L": 0.6322664924885696,
    "OpticNerve_R": 0.629498941425547,
    "Chiasm": 0.5015479876160991
  },
  "0522c0667": {
    "OpticNerve_L": 0.6516700749829584,
    "OpticNerve_R": 0.5881294964028777,
    "Chiasm": 0.5055467511885895
  },
  "0522c0669": {
    "OpticNerve_L": 0.733386709367494,
    "OpticNerve_R": 0.5660051768766178,
    "Chiasm": 0.6337115072933549
  },
  "0522c0708": {
    "OpticNerve_L": 0.6199677938808373,
    "OpticNerve_R": 0.6500802568218299,
    "Chiasm": 0.5316455696202531
  },
  "0522c0727": {
    "OpticNerve_L": 0.6422466422466423,
    "OpticNerve_R": 0.6814621409921671,
    "Chiasm": 0.5925925925925926
  },
  "0522c0746": {
    "OpticNerve_L": 0.553223388305847,
    "OpticNerve_R": 0.5834970530451866,
    "Chiasm": 0.4119193689745837
  },
  "0522c0788": {
    "OpticNerve_L": 0.6670902160101652,
    "OpticNerve_R": 0.6929347826086957,
    "Chiasm": 0.6051537822111388
  },
  "0522c0806": {
    "OpticNerve_L": 0.5752508361204013,
    "OpticNerve_R": 0.5884907709011944,
    "Chiasm": 0.398576512455516
  },
  "0522c0845": {
    "OpticNerve_L": 0.6539196940726577,
    "OpticNerve_R": 0.6416228399699474,
    "Chiasm": 0.5024154589371981
  },
  "0522c0857": {
    "OpticNerve_L": 0.7975291695264242,
    "OpticNerve_R": 0.6289697908597986,
    "Chiasm": 0.6857610474631751
  },
  "0522c0878": {
    "OpticNerve_L": 0.642504118616145,
    "OpticNerve_R": 0.5634563456345635,
    "Chiasm": 0.42194744976816073
  }
}